taxonomy,drupal_internal__tid,drupal_internal__revision_id,langcode,revision_created,status,name,weight,changed,default_langcode,revision_translation_affected,path,content_translation_source,content_translation_outdated,content_translation_created,unique_id,viaf,authority,geo_alt_name,fast,geonames
taxonomy_term--geo_location,660,660,en,2021-10-08T20:34:34+00:00,True,Alaska--Glacier Bay National Park and Preserve,0,2022-03-11T14:32:25+00:00,True,True,"{'alias': None, 'pid': None, 'langcode': 'en'}",und,False,2021-10-08T20:34:34+00:00,5071db88-d7f8-4ea6-bf33-3e9cf106e915,,http://id.worldcat.org/fast/1260188;fast||http://sws.geonames.org/5846642/;geonames,,http://id.worldcat.org/fast/1260188,http://sws.geonames.org/5846642/
taxonomy_term--geo_location,661,661,en,2021-10-08T20:34:34+00:00,True,Alberta--Edmonton,0,2022-03-11T14:32:25+00:00,True,True,"{'alias': None, 'pid': None, 'langcode': 'en'}",und,False,2021-10-08T20:34:34+00:00,0ffeee77-fd34-44ac-a0e5-55eac83228fa,http://viaf.org/viaf/150041089,http://id.worldcat.org/fast/1204309;fast||http://sws.geonames.org/5946768/;geonames||http://viaf.org/viaf/150041089;viaf,Edmonton,http://id.worldcat.org/fast/1204309,http://sws.geonames.org/5946768/
taxonomy_term--geo_location,662,662,en,2021-10-08T20:34:34+00:00,True,Appalachian Region,0,2021-10-08T20:34:34+00:00,True,True,"{'alias': None, 'pid': None, 'langcode': 'en'}",und,False,2021-10-08T20:34:34+00:00,2864f888-5c33-4240-942b-414ee414d42a,,http://id.worldcat.org/fast/1240092;fast,,http://id.worldcat.org/fast/1240092,
taxonomy_term--geo_location,663,663,en,2021-10-08T20:34:34+00:00,True,Arizona--Grand Canyon,0,2023-01-12T16:12:59+00:00,True,True,"{'alias': None, 'pid': None, 'langcode': 'en'}",und,False,2021-10-08T20:34:34+00:00,085dd25d-1844-4db8-b5e0-e5d36f638d62,http://viaf.org/viaf/316429560,http://id.worldcat.org/fast/1240455;fast||http://viaf.org/viaf/316429560;viaf,,http://id.worldcat.org/fast/1240455,
taxonomy_term--geo_location,664,664,en,2021-10-08T20:34:34+00:00,True,Armenia,0,2023-01-12T16:12:59+00:00,True,True,"{'alias': None, 'pid': None, 'langcode': 'en'}",und,False,2021-10-08T20:34:34+00:00,414a938b-afbf-49e0-a84f-c7f1a3ec608d,http://viaf.org/viaf/136032216,http://id.worldcat.org/fast/1206470;fast||http://sws.geonames.org/174982/;geonames||http://viaf.org/viaf/136032216;viaf,Republic of Armenia,http://id.worldcat.org/fast/1206470,http://sws.geonames.org/174982/
taxonomy_term--geo_location,665,665,en,2021-10-08T20:34:34+00:00,True,Atlantic Ocean--Chesapeake Bay,0,2022-03-11T14:32:25+00:00,True,True,"{'alias': None, 'pid': None, 'langcode': 'en'}",und,False,2021-10-08T20:34:34+00:00,a26295c0-25a0-441a-90e2-3c2a39ed9d54,,http://id.worldcat.org/fast/1310474;fast||http://sws.geonames.org/4351177/;geonames,Chesapeake Bay,http://id.worldcat.org/fast/1310474,http://sws.geonames.org/4351177/
taxonomy_term--geo_location,666,666,en,2021-10-08T20:34:34+00:00,True,Brazil--Marajó Island,0,2022-03-11T14:32:25+00:00,True,True,"{'alias': None, 'pid': None, 'langcode': 'en'}",und,False,2021-10-08T20:34:34+00:00,b3c6d52b-f4c3-4e96-b05d-89e1c3a88750,,http://id.worldcat.org/fast/1242920;fast||http://sws.geonames.org/3395453;geonames,Ilha de Marajo,http://id.worldcat.org/fast/1242920,http://sws.geonames.org/3395453
taxonomy_term--geo_location,667,667,en,2021-10-08T20:34:34+00:00,True,California,0,2022-03-11T14:32:25+00:00,True,True,"{'alias': None, 'pid': None, 'langcode': 'en'}",und,False,2021-10-08T20:34:34+00:00,123c9072-b5ce-46bb-a5e5-d0374af59391,http://viaf.org/viaf/147680367,http://id.worldcat.org/fast/1204928;fast||http://sws.geonames.org/5332921/;geonames||http://viaf.org/viaf/147680367;viaf,,http://id.worldcat.org/fast/1204928,http://sws.geonames.org/5332921/
taxonomy_term--geo_location,668,668,en,2021-10-08T20:34:34+00:00,True,California--Fresno,0,2022-03-11T14:32:25+00:00,True,True,"{'alias': None, 'pid': None, 'langcode': 'en'}",und,False,2021-10-08T20:34:34+00:00,37f01974-f14a-404b-91e5-972ce4591151,,http://id.worldcat.org/fast/1207374;fast||http://sws.geonames.org/5350937/;geonames,Fresno,http://id.worldcat.org/fast/1207374,http://sws.geonames.org/5350937/
taxonomy_term--geo_location,669,669,en,2021-10-08T20:34:34+00:00,True,California--Los Angeles,0,2022-03-11T14:32:25+00:00,True,True,"{'alias': None, 'pid': None, 'langcode': 'en'}",und,False,2021-10-08T20:34:34+00:00,3a0b2f12-53fd-4ed8-94bb-5ac8004f5adb,http://viaf.org/viaf/124053622,http://id.worldcat.org/fast/1204540;fast||http://sws.geonames.org/5368361/;geonames||http://viaf.org/viaf/124053622;viaf,Los Angeles,http://id.worldcat.org/fast/1204540,http://sws.geonames.org/5368361/
taxonomy_term--geo_location,670,670,en,2021-10-08T20:34:34+00:00,True,California--Paramount,0,2022-03-11T14:32:25+00:00,True,True,"{'alias': None, 'pid': None, 'langcode': 'en'}",und,False,2021-10-08T20:34:34+00:00,c2084852-bf86-4a43-a8e1-2e7880940290,http://viaf.org/viaf/146599632,http://id.worldcat.org/fast/1219047;fast||http://sws.geonames.org/5381110/;geonames||http://viaf.org/viaf/146599632;viaf,Paramount,http://id.worldcat.org/fast/1219047,http://sws.geonames.org/5381110/
taxonomy_term--geo_location,671,671,en,2021-10-08T20:34:34+00:00,True,California--Yosemite National Park,0,2022-03-11T14:32:25+00:00,True,True,"{'alias': None, 'pid': None, 'langcode': 'en'}",und,False,2021-10-08T20:34:34+00:00,d72e7c18-a3d7-4627-9aca-a79e1887437f,,http://id.worldcat.org/fast/1308988;fast||http://sws.geonames.org/5410952;geonames,Yosemite National Park,http://id.worldcat.org/fast/1308988,http://sws.geonames.org/5410952
taxonomy_term--geo_location,672,672,en,2021-10-08T20:34:34+00:00,True,Cuba,0,2022-03-11T14:32:25+00:00,True,True,"{'alias': None, 'pid': None, 'langcode': 'en'}",und,False,2021-10-08T20:34:34+00:00,93c708f0-5457-48e0-b612-e31ad260fd5f,http://viaf.org/viaf/127245163,http://id.worldcat.org/fast/1205805;fast||http://sws.geonames.org/3562984/;geonames||http://viaf.org/viaf/127245163;viaf,La Cuba,http://id.worldcat.org/fast/1205805,http://sws.geonames.org/3562984/
taxonomy_term--geo_location,673,673,en,2021-10-08T20:34:34+00:00,True,Deep space--Andromeda Galaxy,0,2021-10-08T20:34:34+00:00,True,True,"{'alias': None, 'pid': None, 'langcode': 'en'}",und,False,2021-10-08T20:34:34+00:00,36efc75e-fb24-476b-89a3-15f89dddd825,,http://id.worldcat.org/fast/1239892;fast,,http://id.worldcat.org/fast/1239892,
taxonomy_term--geo_location,674,674,en,2021-10-08T20:34:34+00:00,True,Delaware,0,2022-03-11T14:32:25+00:00,True,True,"{'alias': None, 'pid': None, 'langcode': 'en'}",und,False,2021-10-08T20:34:34+00:00,18c0fcaa-051d-47b6-b670-a8295d896163,http://viaf.org/viaf/235924579,http://id.worldcat.org/fast/1204929;fast||http://sws.geonames.org/4142224/;geonames||http://viaf.org/viaf/235924579;viaf,,http://id.worldcat.org/fast/1204929,http://sws.geonames.org/4142224/
taxonomy_term--geo_location,675,675,en,2021-10-08T20:34:34+00:00,True,Earth (Planet),0,2022-03-11T14:32:25+00:00,True,True,"{'alias': None, 'pid': None, 'langcode': 'en'}",und,False,2021-10-08T20:34:34+00:00,ccf10e34-ee8d-49f8-be2f-75b2c0185f19,,http://id.worldcat.org/fast/1860481;fast||http://sws.geonames.org/6295630;geonames,Earth,http://id.worldcat.org/fast/1860481,http://sws.geonames.org/6295630
taxonomy_term--geo_location,676,676,en,2021-10-08T20:34:34+00:00,True,Easter Island,0,2022-03-11T14:32:25+00:00,True,True,"{'alias': None, 'pid': None, 'langcode': 'en'}",und,False,2021-10-08T20:34:34+00:00,1a643dda-92c5-4b9e-aa65-a1a6711c9638,,http://id.worldcat.org/fast/1243649;fast||http://sws.geonames.org/6631864;geonames,David Island,http://id.worldcat.org/fast/1243649,http://sws.geonames.org/6631864
taxonomy_term--geo_location,677,677,en,2021-10-08T20:34:34+00:00,True,Ecuador,0,2022-03-11T14:32:25+00:00,True,True,"{'alias': None, 'pid': None, 'langcode': 'en'}",und,False,2021-10-08T20:34:34+00:00,a8662cac-40df-406d-b851-c235c756dc3a,http://viaf.org/viaf/150084159,http://id.worldcat.org/fast/1205578;fast||http://sws.geonames.org/3658394/;geonames||http://viaf.org/viaf/150084159;viaf,,http://id.worldcat.org/fast/1205578,http://sws.geonames.org/3658394/
taxonomy_term--geo_location,678,678,en,2021-10-08T20:34:34+00:00,True,England--Avebury,0,2022-03-11T14:32:25+00:00,True,True,"{'alias': None, 'pid': None, 'langcode': 'en'}",und,False,2021-10-08T20:34:34+00:00,9b489381-3137-46e1-884d-ca16a092fbd9,,http://id.worldcat.org/fast/1225675;fast||http://sws.geonames.org/2656760;geonames,Avebury,http://id.worldcat.org/fast/1225675,http://sws.geonames.org/2656760
taxonomy_term--geo_location,679,679,en,2021-10-08T20:34:34+00:00,True,England--Stonehenge,0,2022-03-11T14:32:25+00:00,True,True,"{'alias': None, 'pid': None, 'langcode': 'en'}",und,False,2021-10-08T20:34:34+00:00,db19b668-c3bf-44a0-baa8-4565a628fcfb,,http://id.worldcat.org/fast/1245441;fast||http://sws.geonames.org/2636812;geonames,Stonehenge,http://id.worldcat.org/fast/1245441,http://sws.geonames.org/2636812
taxonomy_term--geo_location,680,680,en,2021-10-08T20:34:34+00:00,True,England--Windmill Hill Site,0,2021-10-08T20:34:34+00:00,True,True,"{'alias': None, 'pid': None, 'langcode': 'en'}",und,False,2021-10-08T20:34:34+00:00,2793666c-b51f-454e-aaeb-c08f83948c7e,,http://id.worldcat.org/fast/1293326;fast,,http://id.worldcat.org/fast/1293326,
taxonomy_term--geo_location,681,681,en,2021-10-08T20:34:34+00:00,True,Florida--Boca Raton,0,2022-03-11T14:32:25+00:00,True,True,"{'alias': None, 'pid': None, 'langcode': 'en'}",und,False,2021-10-08T20:34:34+00:00,01fe3f29-ff33-4f77-8a76-5c97a323af21,http://viaf.org/viaf/235865675,http://id.worldcat.org/fast/1205583;fast||http://sws.geonames.org/4148411/;geonames||http://viaf.org/viaf/235865675;viaf,Boca Raton,http://id.worldcat.org/fast/1205583,http://sws.geonames.org/4148411/
taxonomy_term--geo_location,682,682,en,2021-10-08T20:34:34+00:00,True,Florida--Hialeah,0,2022-03-11T14:32:25+00:00,True,True,"{'alias': None, 'pid': None, 'langcode': 'en'}",und,False,2021-10-08T20:34:34+00:00,17e6066b-fbe9-4d51-9cdc-d73b57c50b70,http://viaf.org/viaf/268790987,http://id.worldcat.org/fast/1215436;fast||http://sws.geonames.org/4158476/;geonames||http://viaf.org/viaf/268790987;viaf,Hialeah,http://id.worldcat.org/fast/1215436,http://sws.geonames.org/4158476/
taxonomy_term--geo_location,683,683,en,2021-10-08T20:34:34+00:00,True,Florida--Miami,0,2022-03-11T14:32:25+00:00,True,True,"{'alias': None, 'pid': None, 'langcode': 'en'}",und,False,2021-10-08T20:34:34+00:00,f0917c04-cfac-48b9-8865-80cb6a8669bb,http://viaf.org/viaf/153063179,http://id.worldcat.org/fast/1213727;fast||http://sws.geonames.org/4164138/;geonames||http://viaf.org/viaf/153063179;viaf,Miami,http://id.worldcat.org/fast/1213727,http://sws.geonames.org/4164138/
taxonomy_term--geo_location,684,684,en,2021-10-08T20:34:34+00:00,True,Florida--Naples,0,2022-03-11T14:32:25+00:00,True,True,"{'alias': None, 'pid': None, 'langcode': 'en'}",und,False,2021-10-08T20:34:34+00:00,e68b2156-2332-4101-9e63-5f1f77d34d6d,http://viaf.org/viaf/140727271,http://id.worldcat.org/fast/1213255;fast||http://sws.geonames.org/4165565/;geonames||http://viaf.org/viaf/140727271;viaf,Naples,http://id.worldcat.org/fast/1213255,http://sws.geonames.org/4165565/
taxonomy_term--geo_location,685,685,en,2021-10-08T20:34:34+00:00,True,Florida--Parkland,0,2022-03-11T14:32:25+00:00,True,True,"{'alias': None, 'pid': None, 'langcode': 'en'}",und,False,2021-10-08T20:34:34+00:00,acd9cbfe-2f51-4c99-8d89-c9b732412f5d,http://viaf.org/viaf/263995818,http://id.worldcat.org/fast/1267412;fast||http://sws.geonames.org/4167829/;geonames||http://viaf.org/viaf/263995818;viaf,Parkland,http://id.worldcat.org/fast/1267412,http://sws.geonames.org/4167829/
taxonomy_term--geo_location,686,686,en,2021-10-08T20:34:34+00:00,True,Germany,0,2022-03-11T14:32:25+00:00,True,True,"{'alias': None, 'pid': None, 'langcode': 'en'}",und,False,2021-10-08T20:34:34+00:00,a6d4fcfc-52a7-4769-bb34-f24218ca0e88,,http://id.worldcat.org/fast/1210272;fast||http://sws.geonames.org/2921044/;geonames,Deutschland,http://id.worldcat.org/fast/1210272,http://sws.geonames.org/2921044/
taxonomy_term--geo_location,687,687,en,2021-10-08T20:34:34+00:00,True,Great Britain,0,2022-03-11T14:32:25+00:00,True,True,"{'alias': None, 'pid': None, 'langcode': 'en'}",und,False,2021-10-08T20:34:34+00:00,3b693bb1-9441-44cb-b2d0-f99b609c90d7,,http://id.worldcat.org/fast/1204623;fast||http://sws.geonames.org/6618604;geonames,Great Britain,http://id.worldcat.org/fast/1204623,http://sws.geonames.org/6618604
taxonomy_term--geo_location,688,688,en,2021-10-08T20:34:34+00:00,True,Greece,0,2022-03-11T14:32:25+00:00,True,True,"{'alias': None, 'pid': None, 'langcode': 'en'}",und,False,2021-10-08T20:34:34+00:00,5441e187-831f-4d01-b0c9-4a931707e159,,http://id.worldcat.org/fast/1208380;fast||http://sws.geonames.org/390903/;geonames,Ελλάδα,http://id.worldcat.org/fast/1208380,http://sws.geonames.org/390903/
taxonomy_term--geo_location,689,689,en,2021-10-08T20:34:34+00:00,True,Greece--Soúnio Cape,0,2021-10-08T20:34:34+00:00,True,True,"{'alias': None, 'pid': None, 'langcode': 'en'}",und,False,2021-10-08T20:34:34+00:00,febf2300-0125-4486-a4c2-9261be0b8f08,,http://id.worldcat.org/fast/1231680;fast,,http://id.worldcat.org/fast/1231680,
taxonomy_term--geo_location,690,690,en,2021-10-08T20:34:34+00:00,True,Haiti--Port-au-Prince,0,2022-03-11T14:32:25+00:00,True,True,"{'alias': None, 'pid': None, 'langcode': 'en'}",und,False,2021-10-08T20:34:34+00:00,b980eac4-650d-4ebc-8a25-429bff76c28d,http://viaf.org/viaf/238402846,http://id.worldcat.org/fast/1205704;fast||http://sws.geonames.org/3718426/;geonames||http://viaf.org/viaf/238402846;viaf,Port-au-Prince,http://id.worldcat.org/fast/1205704,http://sws.geonames.org/3718426/
taxonomy_term--geo_location,691,691,en,2021-10-08T20:34:34+00:00,True,Hawaii,0,2022-03-11T14:32:25+00:00,True,True,"{'alias': None, 'pid': None, 'langcode': 'en'}",und,False,2021-10-08T20:34:34+00:00,0297e036-59d5-46ee-b32a-36d33502204c,,http://id.worldcat.org/fast/1208724;fast||http://sws.geonames.org/5855797;geonames,Hawaii,http://id.worldcat.org/fast/1208724,http://sws.geonames.org/5855797
taxonomy_term--geo_location,692,692,en,2021-10-08T20:34:34+00:00,True,Illinois--Chicago,0,2022-03-11T14:32:25+00:00,True,True,"{'alias': None, 'pid': None, 'langcode': 'en'}",und,False,2021-10-08T20:34:34+00:00,c115a991-502c-4806-b3ae-64aa2baf7e05,http://viaf.org/viaf/126028111,http://id.worldcat.org/fast/1204048;fast||http://sws.geonames.org/4887398/;geonames||http://viaf.org/viaf/126028111;viaf,Chicago,http://id.worldcat.org/fast/1204048,http://sws.geonames.org/4887398/
taxonomy_term--geo_location,693,693,en,2021-10-08T20:34:34+00:00,True,India,0,2022-03-11T14:32:25+00:00,True,True,"{'alias': None, 'pid': None, 'langcode': 'en'}",und,False,2021-10-08T20:34:34+00:00,2041ddbf-fa41-409e-b13d-63200962d056,http://viaf.org/viaf/135375457,http://id.worldcat.org/fast/1210276;fast||http://sws.geonames.org/1269750/;geonames||http://viaf.org/viaf/135375457;viaf,,http://id.worldcat.org/fast/1210276,http://sws.geonames.org/1269750/
taxonomy_term--geo_location,694,694,en,2021-10-08T20:34:34+00:00,True,Iran,0,2022-03-11T14:32:25+00:00,True,True,"{'alias': None, 'pid': None, 'langcode': 'en'}",und,False,2021-10-08T20:34:34+00:00,f1b4e9c2-3202-47f2-b578-13ebca5e647f,http://viaf.org/viaf/149669363,http://id.worldcat.org/fast/1204889;fast||http://sws.geonames.org/130758/;geonames||http://viaf.org/viaf/149669363;viaf,,http://id.worldcat.org/fast/1204889,http://sws.geonames.org/130758/
taxonomy_term--geo_location,695,695,en,2021-10-08T20:34:34+00:00,True,Italy,0,2022-03-11T14:32:25+00:00,True,True,"{'alias': None, 'pid': None, 'langcode': 'en'}",und,False,2021-10-08T20:34:34+00:00,70aa746f-1c9a-4cb9-8a02-54df1c16b731,http://viaf.org/viaf/152361066,http://id.worldcat.org/fast/1204565;fast||http://sws.geonames.org/3175395/;geonames||http://viaf.org/viaf/152361066;viaf,Italia,http://id.worldcat.org/fast/1204565,http://sws.geonames.org/3175395/
taxonomy_term--geo_location,696,696,en,2021-10-08T20:34:34+00:00,True,Italy--Bologna,0,2022-03-11T14:32:25+00:00,True,True,"{'alias': None, 'pid': None, 'langcode': 'en'}",und,False,2021-10-08T20:34:34+00:00,e193eb86-d3bf-44c1-a116-fbeaacf4e0e5,http://viaf.org/viaf/144875967,http://id.worldcat.org/fast/1204551;fast||http://sws.geonames.org/3181928/;geonames||http://viaf.org/viaf/144875967;viaf,Bologna,http://id.worldcat.org/fast/1204551,http://sws.geonames.org/3181928/
taxonomy_term--geo_location,697,697,en,2021-10-08T20:34:34+00:00,True,Jamaica,0,2022-03-11T14:32:25+00:00,True,True,"{'alias': None, 'pid': None, 'langcode': 'en'}",und,False,2021-10-08T20:34:34+00:00,dd4c55f3-9e7c-4c2d-bdbd-48fd7e867bdc,http://viaf.org/viaf/126584662,http://id.worldcat.org/fast/1211575;fast||http://sws.geonames.org/3489940/;geonames||http://viaf.org/viaf/126584662;viaf,,http://id.worldcat.org/fast/1211575,http://sws.geonames.org/3489940/
taxonomy_term--geo_location,698,698,en,2021-10-08T20:34:34+00:00,True,Japan--Hiroshima-shi,0,2022-03-11T14:32:25+00:00,True,True,"{'alias': None, 'pid': None, 'langcode': 'en'}",und,False,2021-10-08T20:34:34+00:00,c804f7a0-fb88-4341-acab-7703405ec7cf,http://viaf.org/viaf/136221777,http://id.worldcat.org/fast/1209723;fast||http://sws.geonames.org/1862415/;geonames||http://viaf.org/viaf/136221777;viaf,Hiroshima,http://id.worldcat.org/fast/1209723,http://sws.geonames.org/1862415/
taxonomy_term--geo_location,699,699,en,2021-10-08T20:34:34+00:00,True,Japan--Nagasaki-shi,0,2022-03-11T14:32:25+00:00,True,True,"{'alias': None, 'pid': None, 'langcode': 'en'}",und,False,2021-10-08T20:34:34+00:00,6e8e35cb-c821-4d09-bf55-74b84fdf4f7f,http://viaf.org/viaf/251144404,http://id.worldcat.org/fast/1211968;fast||http://sws.geonames.org/1856152/;geonames||http://viaf.org/viaf/251144404;viaf,Nagasaki-shi,http://id.worldcat.org/fast/1211968,http://sws.geonames.org/1856152/
taxonomy_term--geo_location,700,700,en,2021-10-08T20:34:34+00:00,True,Jupiter (Planet),0,2021-10-08T20:34:34+00:00,True,True,"{'alias': None, 'pid': None, 'langcode': 'en'}",und,False,2021-10-08T20:34:34+00:00,67a47c41-35fc-4389-bd87-a91cf734d17a,,http://id.worldcat.org/fast/1244812;fast,,http://id.worldcat.org/fast/1244812,
taxonomy_term--geo_location,701,701,en,2021-10-08T20:34:34+00:00,True,Kentucky--Mammoth Cave,0,2022-03-11T14:32:25+00:00,True,True,"{'alias': None, 'pid': None, 'langcode': 'en'}",und,False,2021-10-08T20:34:34+00:00,a05492de-84ec-4243-a6b3-f80401598926,,http://id.worldcat.org/fast/1242754;fast||http://sws.geonames.org/4299728;geonames,Mammoth Cave,http://id.worldcat.org/fast/1242754,http://sws.geonames.org/4299728
taxonomy_term--geo_location,702,702,en,2021-10-08T20:34:34+00:00,True,Latin America,0,2021-10-08T20:34:34+00:00,True,True,"{'alias': None, 'pid': None, 'langcode': 'en'}",und,False,2021-10-08T20:34:34+00:00,e3de0fc4-1e5f-4359-be77-520658021954,,http://id.worldcat.org/fast/1245945;fast,,http://id.worldcat.org/fast/1245945,
taxonomy_term--geo_location,703,703,en,2021-10-08T20:34:34+00:00,True,Maine--North Haven,0,2022-03-11T14:32:25+00:00,True,True,"{'alias': None, 'pid': None, 'langcode': 'en'}",und,False,2021-10-08T20:34:34+00:00,baf86ca2-6e2c-4a47-8e51-5657424b263d,,http://id.worldcat.org/fast/1249945;fast||http://sws.geonames.org/4973580/;geonames,,http://id.worldcat.org/fast/1249945,http://sws.geonames.org/4973580/
taxonomy_term--geo_location,704,704,en,2021-10-08T20:34:34+00:00,True,Mars (Planet),0,2021-10-08T20:34:34+00:00,True,True,"{'alias': None, 'pid': None, 'langcode': 'en'}",und,False,2021-10-08T20:34:34+00:00,fbc005ea-21ec-46c9-a9ce-9f8c055578f7,,http://id.worldcat.org/fast/1243063;fast,,http://id.worldcat.org/fast/1243063,
taxonomy_term--geo_location,705,705,en,2021-10-08T20:34:34+00:00,True,Maryland,0,2022-03-11T14:32:25+00:00,True,True,"{'alias': None, 'pid': None, 'langcode': 'en'}",und,False,2021-10-08T20:34:34+00:00,8a3d3cb6-ba3f-498c-820b-482f5a095d86,http://viaf.org/viaf/151255387,http://id.worldcat.org/fast/1204739;fast||http://sws.geonames.org/4361885/;geonames||http://viaf.org/viaf/151255387;viaf,,http://id.worldcat.org/fast/1204739,http://sws.geonames.org/4361885/
taxonomy_term--geo_location,706,706,en,2021-10-08T20:34:34+00:00,True,Maryland--Annapolis,0,2022-03-11T14:32:25+00:00,True,True,"{'alias': None, 'pid': None, 'langcode': 'en'}",und,False,2021-10-08T20:34:34+00:00,d0c284cd-bbd7-4476-a485-5020a4756d52,http://viaf.org/viaf/123791303,http://id.worldcat.org/fast/1206088;fast||http://sws.geonames.org/4347242/;geonames||http://viaf.org/viaf/123791303;viaf,Annapolis,http://id.worldcat.org/fast/1206088,http://sws.geonames.org/4347242/
taxonomy_term--geo_location,707,707,en,2021-10-08T20:34:34+00:00,True,Maryland--Baltimore,0,2022-03-11T14:32:25+00:00,True,True,"{'alias': None, 'pid': None, 'langcode': 'en'}",und,False,2021-10-08T20:34:34+00:00,05408af5-7aad-49cf-8b1c-74ad5885ecf8,http://viaf.org/viaf/235452840,http://id.worldcat.org/fast/1204292;fast||http://sws.geonames.org/4347778/;geonames||http://viaf.org/viaf/235452840;viaf,Baltimore,http://id.worldcat.org/fast/1204292,http://sws.geonames.org/4347778/
taxonomy_term--geo_location,708,708,en,2021-10-08T20:34:34+00:00,True,Maryland--Baltimore--Charles Street,0,2021-10-08T20:34:34+00:00,True,True,"{'alias': None, 'pid': None, 'langcode': 'en'}",und,False,2021-10-08T20:34:34+00:00,c8cae8ce-fb9e-4267-87eb-6024b6326090,,http://id.worldcat.org/fast/1324739;fast,,http://id.worldcat.org/fast/1324739,
taxonomy_term--geo_location,709,709,en,2021-10-08T20:34:34+00:00,True,Maryland--Baltimore--Clifton Park,0,2022-03-11T14:32:25+00:00,True,True,"{'alias': None, 'pid': None, 'langcode': 'en'}",und,False,2021-10-08T20:34:34+00:00,95d0375f-ab32-48a6-b144-2eaa2b280298,,http://sws.geonames.org/11979959/;geonames,,,http://sws.geonames.org/11979959/
taxonomy_term--geo_location,710,710,en,2021-10-08T20:34:34+00:00,True,Maryland--Baltimore--Druid Hill Park,0,2022-03-11T14:32:25+00:00,True,True,"{'alias': None, 'pid': None, 'langcode': 'en'}",und,False,2021-10-08T20:34:34+00:00,9552b8a2-f1ce-4ccf-b35a-f85241ff890f,,http://id.worldcat.org/fast/1905926;fast||http://sws.geonames.org/11979969/;geonames,Druid Hill Park,http://id.worldcat.org/fast/1905926,http://sws.geonames.org/11979969/
taxonomy_term--geo_location,711,711,en,2021-10-08T20:34:34+00:00,True,Maryland--Baltimore--East Baltimore,0,2021-10-08T20:34:34+00:00,True,True,"{'alias': None, 'pid': None, 'langcode': 'en'}",und,False,2021-10-08T20:34:34+00:00,e1d8ae12-2f5a-495e-a39b-fd3cc8da48f9,http://viaf.org/viaf/149096200,http://id.worldcat.org/fast/1322875;fast||http://viaf.org/viaf/149096200;viaf,,http://id.worldcat.org/fast/1322875,
taxonomy_term--geo_location,712,712,en,2021-10-08T20:34:34+00:00,True,Maryland--Baltimore--Guilford,0,2022-03-11T14:32:25+00:00,True,True,"{'alias': None, 'pid': None, 'langcode': 'en'}",und,False,2021-10-08T20:34:34+00:00,8ba750f7-f2a7-4eab-8378-ffcc0dbc3bb5,http://viaf.org/viaf/151443439,http://id.worldcat.org/fast/1323582;fast||http://sws.geonames.org/4357042/;geonames||http://viaf.org/viaf/151443439;viaf,Guilford,http://id.worldcat.org/fast/1323582,http://sws.geonames.org/4357042/
taxonomy_term--geo_location,713,713,en,2021-10-08T20:34:34+00:00,True,Maryland--Baltimore--Hampden,0,2022-03-11T14:32:25+00:00,True,True,"{'alias': None, 'pid': None, 'langcode': 'en'}",und,False,2021-10-08T20:34:34+00:00,017dbe4f-635f-4022-8953-68d8fd3730af,http://viaf.org/viaf/132736658,http://id.worldcat.org/fast/1329936;fast||http://sws.geonames.org/4357268/;geonames||http://viaf.org/viaf/132736658;viaf,Hampden,http://id.worldcat.org/fast/1329936,http://sws.geonames.org/4357268/
taxonomy_term--geo_location,714,714,en,2021-10-08T20:34:34+00:00,True,Maryland--Baltimore--Inner Harbor,0,2022-03-11T14:32:25+00:00,True,True,"{'alias': None, 'pid': None, 'langcode': 'en'}",und,False,2021-10-08T20:34:34+00:00,5e9588b1-da0d-474f-8431-5ebc1c93fdb7,http://viaf.org/viaf/157276957,http://id.worldcat.org/fast/1323256;fast||http://sws.geonames.org/4358981/;geonames||http://viaf.org/viaf/157276957;viaf,Inner Harbor,http://id.worldcat.org/fast/1323256,http://sws.geonames.org/4358981/
taxonomy_term--geo_location,715,715,en,2021-10-08T20:34:34+00:00,True,Maryland--Baltimore--Mount Vernon Place Historic District,0,2022-03-11T14:32:25+00:00,True,True,"{'alias': None, 'pid': None, 'langcode': 'en'}",und,False,2021-10-08T20:34:34+00:00,2d4c90bf-a361-4de5-aea5-92308fdc7ff8,,http://sws.geonames.org/4363179/;geonames,,,http://sws.geonames.org/4363179/
taxonomy_term--geo_location,716,716,en,2021-10-08T20:34:34+00:00,True,Maryland--Baltimore--North Avenue,0,2021-10-08T20:34:34+00:00,True,True,"{'alias': None, 'pid': None, 'langcode': 'en'}",und,False,2021-10-08T20:34:34+00:00,8957ee71-d3f3-4559-90d7-fa52b494ad9e,,http://id.worldcat.org/fast/1905929;fast,,http://id.worldcat.org/fast/1905929,
taxonomy_term--geo_location,717,717,en,2021-10-08T20:34:34+00:00,True,Maryland--Baltimore--Patterson Park,0,2022-03-11T14:32:25+00:00,True,True,"{'alias': None, 'pid': None, 'langcode': 'en'}",und,False,2021-10-08T20:34:34+00:00,fee857b8-e041-4575-a289-8a1d9cda5834,http://viaf.org/viaf/315530079,http://id.worldcat.org/fast/1324998;fast||http://sws.geonames.org/4365043/;geonames||http://viaf.org/viaf/315530079;viaf,Patterson Park,http://id.worldcat.org/fast/1324998,http://sws.geonames.org/4365043/
taxonomy_term--geo_location,718,718,en,2021-10-08T20:34:34+00:00,True,Maryland--Baltimore--Roland Park,0,2022-03-11T14:32:25+00:00,True,True,"{'alias': None, 'pid': None, 'langcode': 'en'}",und,False,2021-10-08T20:34:34+00:00,786969d2-208e-4c75-bb48-7df8cb840600,http://viaf.org/viaf/154942866,http://id.worldcat.org/fast/1323591;fast||http://sws.geonames.org/4367278/;geonames||http://viaf.org/viaf/154942866;viaf,Roland Park,http://id.worldcat.org/fast/1323591,http://sws.geonames.org/4367278/
taxonomy_term--geo_location,719,719,en,2021-10-08T20:34:34+00:00,True,Maryland--Cambridge,0,2022-03-11T14:32:25+00:00,True,True,"{'alias': None, 'pid': None, 'langcode': 'en'}",und,False,2021-10-08T20:34:34+00:00,0788b77c-6245-4ae5-959e-2a6765f95cbb,http://viaf.org/viaf/235109768,http://id.worldcat.org/fast/1218283;fast||http://sws.geonames.org/4350175/;geonames||http://viaf.org/viaf/235109768;viaf,Cambridge,http://id.worldcat.org/fast/1218283,http://sws.geonames.org/4350175/
taxonomy_term--geo_location,720,720,en,2021-10-08T20:34:34+00:00,True,Maryland--Columbia,0,2022-03-11T14:32:25+00:00,True,True,"{'alias': None, 'pid': None, 'langcode': 'en'}",und,False,2021-10-08T20:34:34+00:00,10477b87-55df-435c-9935-a066027f0fcc,http://viaf.org/viaf/124337924,http://id.worldcat.org/fast/1210701;fast||http://sws.geonames.org/4352053/;geonames||http://viaf.org/viaf/124337924;viaf,Columbia,http://id.worldcat.org/fast/1210701,http://sws.geonames.org/4352053/
taxonomy_term--geo_location,721,721,en,2021-10-08T20:34:34+00:00,True,Maryland--Glen Burnie,0,2022-03-11T14:32:25+00:00,True,True,"{'alias': None, 'pid': None, 'langcode': 'en'}",und,False,2021-10-08T20:34:34+00:00,448ff8e1-e0a5-40c3-a0a1-333d22bbddec,http://viaf.org/viaf/134887196,http://id.worldcat.org/fast/1219214;fast||http://sws.geonames.org/4356188/;geonames||http://viaf.org/viaf/134887196;viaf,Glen Burnie,http://id.worldcat.org/fast/1219214,http://sws.geonames.org/4356188/
taxonomy_term--geo_location,722,722,en,2021-10-08T20:34:34+00:00,True,Maryland--Gwynns Falls,0,2022-03-11T14:32:25+00:00,True,True,"{'alias': None, 'pid': None, 'langcode': 'en'}",und,False,2021-10-08T20:34:34+00:00,236db515-0941-45dd-8efa-4ebdf926c2f5,,http://id.worldcat.org/fast/1240935;fast||http://sws.geonames.org/4357123/;geonames,Gwynns Falls,http://id.worldcat.org/fast/1240935,http://sws.geonames.org/4357123/
taxonomy_term--geo_location,723,723,en,2021-10-08T20:34:34+00:00,True,Maryland--Walkersville,0,2022-03-11T14:32:25+00:00,True,True,"{'alias': None, 'pid': None, 'langcode': 'en'}",und,False,2021-10-08T20:34:34+00:00,bbead0e6-03f8-409d-b000-8ff13df65966,http://viaf.org/viaf/124523262,http://id.worldcat.org/fast/1288574;fast||http://sws.geonames.org/4372630/;geonames||http://viaf.org/viaf/124523262;viaf,Walkersville,http://id.worldcat.org/fast/1288574,http://sws.geonames.org/4372630/
taxonomy_term--geo_location,724,724,en,2021-10-08T20:34:34+00:00,True,Mexico,0,2022-03-11T14:32:25+00:00,True,True,"{'alias': None, 'pid': None, 'langcode': 'en'}",und,False,2021-10-08T20:34:34+00:00,49836cbb-1f93-44e3-96b7-095b403abb70,,http://id.worldcat.org/fast/1211700;fast||http://sws.geonames.org/3996063/;geonames,,http://id.worldcat.org/fast/1211700,http://sws.geonames.org/3996063/
taxonomy_term--geo_location,725,725,en,2021-10-08T20:34:34+00:00,True,Michigan--Battle Creek,0,2022-03-11T14:32:25+00:00,True,True,"{'alias': None, 'pid': None, 'langcode': 'en'}",und,False,2021-10-08T20:34:34+00:00,2ad11bab-d99a-4a03-b65c-a3f09e3aeedb,http://viaf.org/viaf/123173405,http://id.worldcat.org/fast/1218610;fast||http://sws.geonames.org/4985153/;geonames||http://viaf.org/viaf/123173405;viaf,Battle Creek,http://id.worldcat.org/fast/1218610,http://sws.geonames.org/4985153/
taxonomy_term--geo_location,726,726,en,2021-10-08T20:34:34+00:00,True,Michigan--Detroit,0,2022-03-11T14:32:25+00:00,True,True,"{'alias': None, 'pid': None, 'langcode': 'en'}",und,False,2021-10-08T20:34:34+00:00,78f8bb78-9334-4954-a76a-8d3e54047c11,http://viaf.org/viaf/133676653,http://id.worldcat.org/fast/1205010;fast||http://sws.geonames.org/4990729/;geonames||http://viaf.org/viaf/133676653;viaf,Detroit,http://id.worldcat.org/fast/1205010,http://sws.geonames.org/4990729/
taxonomy_term--geo_location,727,727,en,2021-10-08T20:34:34+00:00,True,Middle East,0,2021-10-08T20:34:34+00:00,True,True,"{'alias': None, 'pid': None, 'langcode': 'en'}",und,False,2021-10-08T20:34:34+00:00,c6a2ae7d-8f37-420f-85ac-531ea345c33c,,http://id.worldcat.org/fast/1241586;fast,,http://id.worldcat.org/fast/1241586,
taxonomy_term--geo_location,728,728,en,2021-10-08T20:34:34+00:00,True,Missouri River Valley,0,2021-10-08T20:34:34+00:00,True,True,"{'alias': None, 'pid': None, 'langcode': 'en'}",und,False,2021-10-08T20:34:34+00:00,c12d58ee-f724-4707-a416-2408168c2cc9,,http://id.worldcat.org/fast/1274695;fast,,http://id.worldcat.org/fast/1274695,
taxonomy_term--geo_location,729,729,en,2021-10-08T20:34:34+00:00,True,Moon,0,2021-10-08T20:34:34+00:00,True,True,"{'alias': None, 'pid': None, 'langcode': 'en'}",und,False,2021-10-08T20:34:34+00:00,06f4f872-93dc-4e0b-a88f-3523d7594076,,http://id.worldcat.org/fast/1240375;fast,,http://id.worldcat.org/fast/1240375,
taxonomy_term--geo_location,730,730,en,2021-10-08T20:34:34+00:00,True,New Brunswick--Saint John,0,2022-03-11T14:32:25+00:00,True,True,"{'alias': None, 'pid': None, 'langcode': 'en'}",und,False,2021-10-08T20:34:34+00:00,5b424876-9c7d-4945-8d80-7554f732326c,,http://id.worldcat.org/fast/1233595;fast||http://sws.geonames.org/6138517;geonames,Saint John,http://id.worldcat.org/fast/1233595,http://sws.geonames.org/6138517
taxonomy_term--geo_location,731,731,en,2021-10-08T20:34:34+00:00,True,New Hampshire,0,2022-03-11T14:32:25+00:00,True,True,"{'alias': None, 'pid': None, 'langcode': 'en'}",und,False,2021-10-08T20:34:34+00:00,78af5558-038d-47b3-b346-11807c7a523f,http://viaf.org/viaf/155922170,http://id.worldcat.org/fast/1204318;fast||http://sws.geonames.org/5164292/;geonames||http://viaf.org/viaf/155922170;viaf,New Hampshire,http://id.worldcat.org/fast/1204318,http://sws.geonames.org/5164292/
taxonomy_term--geo_location,732,732,en,2021-10-08T20:34:34+00:00,True,New Jersey,0,2022-03-11T14:32:25+00:00,True,True,"{'alias': None, 'pid': None, 'langcode': 'en'}",und,False,2021-10-08T20:34:34+00:00,b38c750f-5887-4970-a79b-00a6289add2e,,http://id.worldcat.org/fast/1208379;fast||http://sws.geonames.org/5101760;geonames,New Jersey,http://id.worldcat.org/fast/1208379,http://sws.geonames.org/5101760
taxonomy_term--geo_location,733,733,en,2021-10-08T20:34:34+00:00,True,New Mexico--Carlsbad Caverns National Park,0,2022-03-11T14:32:25+00:00,True,True,"{'alias': None, 'pid': None, 'langcode': 'en'}",und,False,2021-10-08T20:34:34+00:00,de9bc8b1-4da3-46d9-9dac-baa941d10ec0,,http://id.worldcat.org/fast/1300329;fast||http://sws.geonames.org/5460461;geonames,Carlsbad Caverns National Park,http://id.worldcat.org/fast/1300329,http://sws.geonames.org/5460461
taxonomy_term--geo_location,734,734,en,2021-10-08T20:34:34+00:00,True,New York (State)--Long Island,0,2022-03-11T14:32:25+00:00,True,True,"{'alias': None, 'pid': None, 'langcode': 'en'}",und,False,2021-10-08T20:34:34+00:00,a0e38c3c-2822-4259-8526-d347161e69b2,http://viaf.org/viaf/241562607,http://id.worldcat.org/fast/1241714;fast||http://sws.geonames.org/5125123/;geonames||http://viaf.org/viaf/241562607;viaf,Long Island,http://id.worldcat.org/fast/1241714,http://sws.geonames.org/5125123/
taxonomy_term--geo_location,735,735,en,2021-10-08T20:34:34+00:00,True,New York (State)--New York,0,2022-03-11T14:32:25+00:00,True,True,"{'alias': None, 'pid': None, 'langcode': 'en'}",und,False,2021-10-08T20:34:34+00:00,129ac338-a2ab-4898-9287-faf6aa164ec6,http://viaf.org/viaf/266415900,http://id.worldcat.org/fast/1204333;fast||http://sws.geonames.org/5128581/;geonames||http://viaf.org/viaf/266415900;viaf,New York,http://id.worldcat.org/fast/1204333,http://sws.geonames.org/5128581/
taxonomy_term--geo_location,736,736,en,2021-10-08T20:34:34+00:00,True,New York (State)--New York--Times Square,0,2022-03-11T14:32:25+00:00,True,True,"{'alias': None, 'pid': None, 'langcode': 'en'}",und,False,2021-10-08T20:34:34+00:00,659896f9-1a55-485e-8a37-df3f19e36f87,,http://id.worldcat.org/fast/1316237;fast||http://sws.geonames.org/5141023/;geonames,Times Square,http://id.worldcat.org/fast/1316237,http://sws.geonames.org/5141023/
taxonomy_term--geo_location,737,737,en,2021-10-08T20:34:34+00:00,True,North America,0,2022-03-11T14:32:25+00:00,True,True,"{'alias': None, 'pid': None, 'langcode': 'en'}",und,False,2021-10-08T20:34:34+00:00,61a07263-032b-48d4-bf25-53ce4e3a4b75,,http://id.worldcat.org/fast/1242475;fast||http://sws.geonames.org/6255149/;geonames,,http://id.worldcat.org/fast/1242475,http://sws.geonames.org/6255149/
taxonomy_term--geo_location,738,738,en,2021-10-08T20:34:34+00:00,True,North America--Colorado River Watershed,0,2021-10-08T20:34:34+00:00,True,True,"{'alias': None, 'pid': None, 'langcode': 'en'}",und,False,2021-10-08T20:34:34+00:00,ebe0aa79-8d5a-41f2-9adf-cb974b19da35,,http://id.worldcat.org/fast/1264747;fast,,http://id.worldcat.org/fast/1264747,
taxonomy_term--geo_location,739,739,en,2021-10-08T20:34:34+00:00,True,North America--Mexican-American Border Region,0,2021-10-08T20:34:34+00:00,True,True,"{'alias': None, 'pid': None, 'langcode': 'en'}",und,False,2021-10-08T20:34:34+00:00,ce4bc933-152b-4ace-8140-019579afd788,http://viaf.org/viaf/315125105,http://id.worldcat.org/fast/1239966;fast||http://viaf.org/viaf/315125105;viaf,,http://id.worldcat.org/fast/1239966,
taxonomy_term--geo_location,740,740,en,2021-10-08T20:34:34+00:00,True,North America--Niagara Falls,0,2022-03-11T14:32:25+00:00,True,True,"{'alias': None, 'pid': None, 'langcode': 'en'}",und,False,2021-10-08T20:34:34+00:00,03468dbe-fd2a-4e68-9582-0199d58ad7ba,,http://id.worldcat.org/fast/1310254;fast||http://sws.geonames.org/6087891/;geonames,,http://id.worldcat.org/fast/1310254,http://sws.geonames.org/6087891/
taxonomy_term--geo_location,741,741,en,2021-10-08T20:34:34+00:00,True,Outer space,0,2021-10-08T20:34:34+00:00,True,True,"{'alias': None, 'pid': None, 'langcode': 'en'}",und,False,2021-10-08T20:34:34+00:00,d64bab64-4244-412f-9d10-0cff60ea7ceb,,http://id.worldcat.org/fast/1243437;fast,,http://id.worldcat.org/fast/1243437,
taxonomy_term--geo_location,742,742,en,2021-10-08T20:34:34+00:00,True,Pennsylvania--State College,0,2022-03-11T14:32:25+00:00,True,True,"{'alias': None, 'pid': None, 'langcode': 'en'}",und,False,2021-10-08T20:34:34+00:00,3777f6e7-622c-4007-b341-c8bb554a3752,http://viaf.org/viaf/246271487,http://id.worldcat.org/fast/1206660;fast||http://sws.geonames.org/5213681/;geonames||http://viaf.org/viaf/246271487;viaf,State College,http://id.worldcat.org/fast/1206660,http://sws.geonames.org/5213681/
taxonomy_term--geo_location,743,743,en,2021-10-08T20:34:34+00:00,True,Pennsylvania--Worcester (Township),0,2022-03-11T14:32:25+00:00,True,True,"{'alias': None, 'pid': None, 'langcode': 'en'}",und,False,2021-10-08T20:34:34+00:00,35014e58-deb3-4fa7-8c09-08ecfa53e9b6,http://viaf.org/viaf/129017508,http://id.worldcat.org/fast/1331127;fast||http://sws.geonames.org/5220127/;geonames||http://viaf.org/viaf/129017508;viaf,Worcester,http://id.worldcat.org/fast/1331127,http://sws.geonames.org/5220127/
taxonomy_term--geo_location,744,744,en,2021-10-08T20:34:34+00:00,True,Solar system,0,2021-10-08T20:34:34+00:00,True,True,"{'alias': None, 'pid': None, 'langcode': 'en'}",und,False,2021-10-08T20:34:34+00:00,d4f54357-5d78-4c4c-9fd0-5db81e81478d,,http://id.worldcat.org/fast/1244288;fast,,http://id.worldcat.org/fast/1244288,
taxonomy_term--geo_location,745,745,en,2021-10-08T20:34:34+00:00,True,Solar system--Halley's comet,0,2021-10-08T20:34:34+00:00,True,True,"{'alias': None, 'pid': None, 'langcode': 'en'}",und,False,2021-10-08T20:34:34+00:00,0e97aecc-ae3b-4479-843a-b6ef7b1d548c,,http://id.worldcat.org/fast/1241058;fast,,http://id.worldcat.org/fast/1241058,
taxonomy_term--geo_location,746,746,en,2021-10-08T20:34:34+00:00,True,Southern Appalachian Region,0,2021-10-08T20:34:34+00:00,True,True,"{'alias': None, 'pid': None, 'langcode': 'en'}",und,False,2021-10-08T20:34:34+00:00,3807ef23-c658-4417-b3e6-f371d7e7f2ca,,http://id.worldcat.org/fast/1864776;fast,,http://id.worldcat.org/fast/1864776,
taxonomy_term--geo_location,747,747,en,2021-10-08T20:34:34+00:00,True,Southern California,0,2022-03-11T14:32:25+00:00,True,True,"{'alias': None, 'pid': None, 'langcode': 'en'}",und,False,2021-10-08T20:34:34+00:00,f16bc1cf-eb1e-4d45-9f0d-fe62aa39fcc3,http://viaf.org/viaf/315160367,http://id.worldcat.org/fast/1692638;fast||http://sws.geonames.org/11071615/;geonames||http://viaf.org/viaf/315160367;viaf,,http://id.worldcat.org/fast/1692638,http://sws.geonames.org/11071615/
taxonomy_term--geo_location,748,748,en,2021-10-08T20:34:34+00:00,True,Soviet Union,0,2022-03-11T14:32:25+00:00,True,True,"{'alias': None, 'pid': None, 'langcode': 'en'}",und,False,2021-10-08T20:34:34+00:00,7df7b68a-3370-4cc6-8fc9-5a8a56182c50,http://viaf.org/viaf/124251745,http://id.worldcat.org/fast/1210281;fast||http://viaf.org/viaf/124251745;viaf,Russia,http://id.worldcat.org/fast/1210281,
taxonomy_term--geo_location,749,749,en,2021-10-08T20:34:34+00:00,True,Spain,0,2022-03-11T14:32:25+00:00,True,True,"{'alias': None, 'pid': None, 'langcode': 'en'}",und,False,2021-10-08T20:34:34+00:00,2d707bcc-edc1-42a0-82d6-fdba2dff1475,http://viaf.org/viaf/133609710,http://id.worldcat.org/fast/1204303;fast||http://sws.geonames.org/2510769/;geonames||http://viaf.org/viaf/133609710;viaf,,http://id.worldcat.org/fast/1204303,http://sws.geonames.org/2510769/
taxonomy_term--geo_location,750,750,en,2021-10-08T20:34:34+00:00,True,Syria--Dura-Europos (Extinct city),0,2021-10-08T20:34:34+00:00,True,True,"{'alias': None, 'pid': None, 'langcode': 'en'}",und,False,2021-10-08T20:34:34+00:00,da75011b-1c36-45f1-879c-5256790b671b,,http://id.worldcat.org/fast/1896912;fast,,http://id.worldcat.org/fast/1896912,
taxonomy_term--geo_location,751,751,en,2021-10-08T20:34:34+00:00,True,Taiwan,0,2022-03-11T14:32:25+00:00,True,True,"{'alias': None, 'pid': None, 'langcode': 'en'}",und,False,2021-10-08T20:34:34+00:00,0f055867-4f44-41d2-aaab-cb4a368eb3cc,http://viaf.org/viaf/128920774,http://id.worldcat.org/fast/1207854;fast||http://sws.geonames.org/1668284/;geonames||http://viaf.org/viaf/128920774;viaf,,http://id.worldcat.org/fast/1207854,http://sws.geonames.org/1668284/
taxonomy_term--geo_location,752,752,en,2021-10-08T20:34:34+00:00,True,Tanzania,0,2022-03-11T14:32:25+00:00,True,True,"{'alias': None, 'pid': None, 'langcode': 'en'}",und,False,2021-10-08T20:34:34+00:00,4c79e381-c584-4420-a316-00d142502813,http://viaf.org/viaf/131265957,http://id.worldcat.org/fast/1210143;fast||http://sws.geonames.org/149590/;geonames||http://viaf.org/viaf/131265957;viaf,,http://id.worldcat.org/fast/1210143,http://sws.geonames.org/149590/
taxonomy_term--geo_location,753,753,en,2021-10-08T20:34:34+00:00,True,Texas--McAllen,0,2022-03-11T14:32:25+00:00,True,True,"{'alias': None, 'pid': None, 'langcode': 'en'}",und,False,2021-10-08T20:34:34+00:00,8499d316-a51c-439f-99c0-eb851517ee57,http://viaf.org/viaf/150122384,http://id.worldcat.org/fast/1221785;fast||http://sws.geonames.org/4709796/;geonames||http://viaf.org/viaf/150122384;viaf,McAllen,http://id.worldcat.org/fast/1221785,http://sws.geonames.org/4709796/
taxonomy_term--geo_location,754,754,en,2021-10-08T20:34:34+00:00,True,Tropics,0,2021-10-08T20:34:34+00:00,True,True,"{'alias': None, 'pid': None, 'langcode': 'en'}",und,False,2021-10-08T20:34:34+00:00,29f9b816-5678-4059-b774-a82c88ee7156,,http://id.worldcat.org/fast/1240674;fast,,http://id.worldcat.org/fast/1240674,
taxonomy_term--geo_location,755,755,en,2021-10-08T20:34:34+00:00,True,Uganda,0,2022-03-11T14:32:25+00:00,True,True,"{'alias': None, 'pid': None, 'langcode': 'en'}",und,False,2021-10-08T20:34:34+00:00,efadfa32-21aa-45b3-a6d3-d88b03a337be,http://viaf.org/viaf/157051895,http://id.worldcat.org/fast/1210282;fast||http://sws.geonames.org/226074/;geonames||http://viaf.org/viaf/157051895;viaf,,http://id.worldcat.org/fast/1210282,http://sws.geonames.org/226074/
taxonomy_term--geo_location,756,756,en,2021-10-08T20:34:34+00:00,True,United States,0,2022-03-11T14:32:25+00:00,True,True,"{'alias': None, 'pid': None, 'langcode': 'en'}",und,False,2021-10-08T20:34:34+00:00,a0f038aa-c184-4ab4-8ccb-23ceb4d3c2e4,http://viaf.org/viaf/130168302,http://id.worldcat.org/fast/1204155;fast||http://sws.geonames.org/6252001/;geonames||http://viaf.org/viaf/130168302;viaf,,http://id.worldcat.org/fast/1204155,http://sws.geonames.org/6252001/
taxonomy_term--geo_location,757,757,en,2021-10-08T20:34:34+00:00,True,United States--Chesapeake Bay Region,0,2021-10-08T20:34:34+00:00,True,True,"{'alias': None, 'pid': None, 'langcode': 'en'}",und,False,2021-10-08T20:34:34+00:00,dbf6175a-a7af-4bfb-9168-7bebc867c1e1,,http://id.worldcat.org/fast/1310475;fast,,http://id.worldcat.org/fast/1310475,
taxonomy_term--geo_location,758,758,en,2021-10-08T20:34:34+00:00,True,United States--Hoover Dam,0,2021-10-08T20:34:34+00:00,True,True,"{'alias': None, 'pid': None, 'langcode': 'en'}",und,False,2021-10-08T20:34:34+00:00,f79df0ce-dbd9-4448-9762-85bb8d2d947e,,http://id.worldcat.org/fast/1310299;fast,,http://id.worldcat.org/fast/1310299,
taxonomy_term--geo_location,759,759,en,2021-10-08T20:34:34+00:00,True,United States--Lake Mead,0,2021-10-08T20:34:34+00:00,True,True,"{'alias': None, 'pid': None, 'langcode': 'en'}",und,False,2021-10-08T20:34:34+00:00,67a479c0-7acb-4c74-b16b-5317db48253c,,http://id.worldcat.org/fast/1333517;fast,,http://id.worldcat.org/fast/1333517,
taxonomy_term--geo_location,760,760,en,2021-10-08T20:34:34+00:00,True,United States--Yellowstone National Park,0,2022-03-11T14:32:25+00:00,True,True,"{'alias': None, 'pid': None, 'langcode': 'en'}",und,False,2021-10-08T20:34:34+00:00,44baa84d-5451-4f10-99c2-3da622123d7b,,http://id.worldcat.org/fast/1285604;fast||http://sws.geonames.org/5843642;geonames,Yellowstone National Park,http://id.worldcat.org/fast/1285604,http://sws.geonames.org/5843642
taxonomy_term--geo_location,761,761,en,2021-10-08T20:34:34+00:00,True,Venus (Planet),0,2021-10-08T20:34:34+00:00,True,True,"{'alias': None, 'pid': None, 'langcode': 'en'}",und,False,2021-10-08T20:34:34+00:00,c38934c6-22f1-4a35-8491-243427be30a6,,http://id.worldcat.org/fast/1242235;fast,,http://id.worldcat.org/fast/1242235,
taxonomy_term--geo_location,762,762,en,2021-10-08T20:34:34+00:00,True,Virginia,0,2022-03-11T14:32:25+00:00,True,True,"{'alias': None, 'pid': None, 'langcode': 'en'}",und,False,2021-10-08T20:34:34+00:00,3646e297-8cc2-4f25-95db-d2ea394889e0,,http://id.worldcat.org/fast/1204597;fast||http://sws.geonames.org/6254928/;geonames,,http://id.worldcat.org/fast/1204597,http://sws.geonames.org/6254928/
taxonomy_term--geo_location,763,763,en,2021-10-08T20:34:34+00:00,True,Virginia--Richmond,0,2022-03-11T14:32:25+00:00,True,True,"{'alias': None, 'pid': None, 'langcode': 'en'}",und,False,2021-10-08T20:34:34+00:00,23593530-6736-4a5a-b64a-dca3f772cba9,http://viaf.org/viaf/140706574,http://id.worldcat.org/fast/1205345;fast||http://sws.geonames.org/4781708/;geonames||http://viaf.org/viaf/140706574;viaf,Richmond,http://id.worldcat.org/fast/1205345,http://sws.geonames.org/4781708/
taxonomy_term--geo_location,764,764,en,2021-10-08T20:34:34+00:00,True,Washington (D.C.),0,2022-03-11T14:32:25+00:00,True,True,"{'alias': None, 'pid': None, 'langcode': 'en'}",und,False,2021-10-08T20:34:34+00:00,3968db35-09a8-45a9-9caf-02b5146a609b,http://viaf.org/viaf/312739635,http://id.worldcat.org/fast/1204505;fast||http://sws.geonames.org/4138106/;geonames||http://viaf.org/viaf/312739635;viaf,"Washington, D.C.",http://id.worldcat.org/fast/1204505,http://sws.geonames.org/4138106/
taxonomy_term--geo_location,765,765,en,2021-10-08T20:34:34+00:00,True,Washington (State)--Seattle,0,2022-03-11T14:32:25+00:00,True,True,"{'alias': None, 'pid': None, 'langcode': 'en'}",und,False,2021-10-08T20:34:34+00:00,beae4be1-8d29-44fd-8337-cea283eee388,http://viaf.org/viaf/128747843,http://id.worldcat.org/fast/1204940;fast||http://sws.geonames.org/5809844/;geonames||http://viaf.org/viaf/128747843;viaf,Seattle,http://id.worldcat.org/fast/1204940,http://sws.geonames.org/5809844/
taxonomy_term--geo_location,766,766,en,2021-10-08T20:34:34+00:00,True,West United States,0,2021-10-08T20:34:34+00:00,True,True,"{'alias': None, 'pid': None, 'langcode': 'en'}",und,False,2021-10-08T20:34:34+00:00,134547e4-7a0c-44be-903b-f2eafb8e5f72,,http://id.worldcat.org/fast/1243255;fast,,http://id.worldcat.org/fast/1243255,
taxonomy_term--geo_location,767,767,en,2021-10-08T20:34:34+00:00,True,Western Hemisphere,0,2021-10-08T20:34:34+00:00,True,True,"{'alias': None, 'pid': None, 'langcode': 'en'}",und,False,2021-10-08T20:34:34+00:00,6b1bc4f4-0542-497c-a99b-d1ef00118e4b,,http://id.worldcat.org/fast/1245897;fast,,http://id.worldcat.org/fast/1245897,
taxonomy_term--geo_location,3573,3573,en,2022-03-11T14:32:25+00:00,True,Bangladesh,0,2022-03-11T14:32:25+00:00,True,True,"{'alias': None, 'pid': None, 'langcode': 'en'}",und,False,2022-03-11T14:32:25+00:00,9fcbb19d-b2ac-476b-bb14-d0438e3f674c,http://viaf.org/viaf/153614928,http://id.worldcat.org/fast/1213724;fast||http://viaf.org/viaf/153614928;viaf,,http://id.worldcat.org/fast/1213724,
taxonomy_term--geo_location,3574,3574,en,2022-03-11T14:32:25+00:00,True,California--Daly City,0,2022-03-11T14:32:25+00:00,True,True,"{'alias': None, 'pid': None, 'langcode': 'en'}",und,False,2022-03-11T14:32:25+00:00,ff40822a-bf7a-4be5-91be-72c33336acb3,http://viaf.org/viaf/128861069,http://id.worldcat.org/fast/1234629;fast||http://sws.geonames.org/5341430;geonames||http://viaf.org/viaf/128861069;viaf,,http://id.worldcat.org/fast/1234629,http://sws.geonames.org/5341430
taxonomy_term--geo_location,3575,3575,en,2022-03-11T14:32:25+00:00,True,California--San Francisco,0,2022-03-11T14:32:25+00:00,True,True,"{'alias': None, 'pid': None, 'langcode': 'en'}",und,False,2022-03-11T14:32:25+00:00,d6e65894-2770-4e94-9822-fbcf7662d53d,http://viaf.org/viaf/143700861,http://id.worldcat.org/fast/1204481;fast||http://viaf.org/viaf/143700861;viaf||http://sws.geonames.org/5391959/;geonames,,http://id.worldcat.org/fast/1204481,http://sws.geonames.org/5391959/
taxonomy_term--geo_location,3576,3576,en,2022-03-11T14:32:25+00:00,True,China--Taishan Shi (Guangdong Sheng),0,2022-03-11T14:32:25+00:00,True,True,"{'alias': None, 'pid': None, 'langcode': 'en'}",und,False,2022-03-11T14:32:25+00:00,1902830c-6ef6-49e5-a5f4-777cd60ed978,http://viaf.org/viaf/125824140,http://id.worldcat.org/fast/1327238;fast||http://viaf.org/viaf/125824140;viaf||http://sws.geonames.org/1793545/;geonames,Taishan Xian,http://id.worldcat.org/fast/1327238,http://sws.geonames.org/1793545/
taxonomy_term--geo_location,3577,3577,en,2022-03-11T14:32:25+00:00,True,Cuba--Havana,0,2022-03-11T14:32:25+00:00,True,True,"{'alias': None, 'pid': None, 'langcode': 'en'}",und,False,2022-03-11T14:32:25+00:00,0b924a4f-b7e3-4ccc-8e32-b7d7ad0f2df3,http://viaf.org/viaf/129224713,http://sws.geonames.org/3553478/;geonames||http://id.worldcat.org/fast/1205198;fast||http://viaf.org/viaf/129224713;viaf,Havanna||Habana,http://id.worldcat.org/fast/1205198,http://sws.geonames.org/3553478/
taxonomy_term--geo_location,3578,3578,en,2022-03-11T14:32:25+00:00,True,France--Paris,0,2022-03-11T14:32:25+00:00,True,True,"{'alias': None, 'pid': None, 'langcode': 'en'}",und,False,2022-03-11T14:32:25+00:00,8975ddb1-5005-4e82-b987-5b87ef267f17,http://viaf.org/viaf/158822968,http://sws.geonames.org/2988507/;geonames||http://viaf.org/viaf/158822968;viaf||http://id.worldcat.org/fast/1205283;fast,,http://id.worldcat.org/fast/1205283,http://sws.geonames.org/2988507/
taxonomy_term--geo_location,3579,3579,en,2022-03-11T14:32:25+00:00,True,Laos,0,2022-03-11T14:32:25+00:00,True,True,"{'alias': None, 'pid': None, 'langcode': 'en'}",und,False,2022-03-11T14:32:25+00:00,493bd83d-e411-49a2-ae9f-e474ffd75b5a,http://viaf.org/viaf/122772641,http://viaf.org/viaf/122772641;viaf||http://id.worldcat.org/fast/1210322;fast||http://sws.geonames.org/1655842/;geonames,ລາວ,http://id.worldcat.org/fast/1210322,http://sws.geonames.org/1655842/
taxonomy_term--geo_location,3580,3580,en,2022-03-11T14:32:25+00:00,True,New York (State),0,2022-03-11T14:32:25+00:00,True,True,"{'alias': None, 'pid': None, 'langcode': 'en'}",und,False,2022-03-11T14:32:25+00:00,2eef6d70-3b40-4bc8-be41-463776f64ccb,http://viaf.org/viaf/146785329,http://id.worldcat.org/fast/1210280;fast||http://viaf.org/viaf/146785329;viaf||http://sws.geonames.org/5128638/;geonames,,http://id.worldcat.org/fast/1210280,http://sws.geonames.org/5128638/
taxonomy_term--geo_location,3581,3581,en,2022-03-11T14:32:25+00:00,True,New York (State)--New York--Queens,0,2022-03-11T14:32:25+00:00,True,True,"{'alias': None, 'pid': None, 'langcode': 'en'}",und,False,2022-03-11T14:32:25+00:00,4d65315c-2934-442a-aa2a-a7342dfd721e,http://viaf.org/viaf/135462352,http://sws.geonames.org/5133266;geonames||http://viaf.org/viaf/135462352;viaf||http://id.worldcat.org/fast/1313007;fast,,http://id.worldcat.org/fast/1313007,http://sws.geonames.org/5133266
taxonomy_term--geo_location,3582,3582,en,2022-03-11T14:32:25+00:00,True,Nigeria,0,2022-03-11T14:32:25+00:00,True,True,"{'alias': None, 'pid': None, 'langcode': 'en'}",und,False,2022-03-11T14:32:25+00:00,1d7a5f3d-8a07-4cf7-8a92-42933e2b55b0,http://viaf.org/viaf/130803976,http://id.worldcat.org/fast/1205229;fast||http://viaf.org/viaf/130803976;viaf||http://sws.geonames.org/2328926/;geonames,Najeriya,http://id.worldcat.org/fast/1205229,http://sws.geonames.org/2328926/
taxonomy_term--geo_location,3583,3583,en,2022-03-11T14:32:25+00:00,True,Texas,0,2022-03-11T14:32:25+00:00,True,True,"{'alias': None, 'pid': None, 'langcode': 'en'}",und,False,2022-03-11T14:32:25+00:00,e36ecfd7-baf5-4c3d-9707-c48fd458f15a,http://viaf.org/viaf/152620751,http://id.worldcat.org/fast/1210336;fast||http://viaf.org/viaf/152620751;viaf||http://sws.geonames.org/4736286/;geonames,,http://id.worldcat.org/fast/1210336,http://sws.geonames.org/4736286/
taxonomy_term--geo_location,3663,3663,en,2023-01-12T16:12:59+00:00,True,Michigan--Mackinac Island (Island),0,2023-01-12T16:12:59+00:00,True,True,"{'alias': None, 'pid': None, 'langcode': 'en'}",und,False,2023-01-12T16:12:59+00:00,a1a309d5-b275-45ff-820c-42ee4686a425,,http://id.worldcat.org/fast/1333728;fast||http://sws.geonames.org/5000469/;geonames,,http://id.worldcat.org/fast/1333728,http://sws.geonames.org/5000469/
